File_Version	2
411210025		participants	411210025				
411410093		participants	411410093				
410410042		participants	410410042				
411410013		participants	411410013				
412410085		participants	412410085				
410410044		participants	410410044				
411410105		participants	411410105				
412410077		participants	412410077				
410410096		participants	410410096				
412410012		participants	412410012				
412410110		participants	412410110				
412410019		participants	412410019				
411410066		participants	411410066				
412410060		participants	412410060				
410410079		participants	410410079				
409410081		participants	409410081				
412210037		participants	412210037				
412410057		participants	412410057				
410410017		participants	410410017				
412410034		participants	412410034				
410410068		participants	410410068				
412410024		participants	412410024				
412410066		participants	412410066				
412410062		participants	412410062				
411410102		participants	411410102				
411410028		participants	411410028				
411410077		participants	411410077				
412410026		participants	412410026				
413410083		participants	413410083				
410410031		participants	410410031				
410410019		participants	410410019				
411410051		participants	411410051				
411410004		participants	411410004				
412410079		participants	412410079				
412410092		participants	412410092				
413410085		participants	413410085				
409410046		participants	409410046				
412410050		participants	412410050				
